{
  "pebbles": {
    "spawning": {
      "comment": "Allows the general spawning of pebbles.",
      "value": true
    },
    "stone_pebbles": {
      "comment": "Allows the spawning of stone pebbles.",
      "value": false
    },
    "andesite_pebbles": {
      "comment": "Allows the spawning of andesite pebbles.",
      "value": false
    },
    "diorite_pebbles": {
      "comment": "Allows the spawning of diorite pebbles.",
      "value": false
    },
    "granite_pebbles": {
      "comment": "Allows the spawning of granite pebbles.",
      "value": false
    },
    "basalt_pebbles": {
      "comment": "Allows the spawning of basalt pebbles.",
      "value": false
    },
    "blackstone_pebbles": {
      "comment": "Allows the spawning of blackstone pebbles.",
      "value": false
    },
    "sticks": {
      "comment": "Allows the spawning of sticks.",
      "value": true
    }
  }
}